n,ang[d],force[N],t[s]
0,0.000000,0.000000,0.000000
1,89.000000,0.443567,1.446901
2,38.000000,0.704548,2.102238
3,38.000000,0.279637,2.868727
4,133.000000,0.314632,1.638814
5,27.000000,0.627838,2.558993
6,119.000000,0.311366,0.646856
7,289.000000,0.003136,2.120093
8,146.000000,0.102879,1.555452
9,320.000000,1.236989,2.659626
