n,ang[d],force[N],t[s]
1,281.000000,0.108451,0.149217
2,284.000000,0.413434,2.386884
3,169.000000,0.739709,2.799792
4,176.000000,0.425536,1.458156
5,252.000000,0.025780,0.741688
6,92.000000,0.545628,0.190290
7,98.000000,0.244534,0.451458
8,305.000000,0.005025,0.567634
9,332.000000,0.002973,2.615842
