hr,ang[d],force[N],t[s]
0,338.700000,0.120105,1.136159
3,336.000000,0.067559,2.221262
6,344.900000,0.197806,1.831086
9,335.600000,0.258358,0.425186
12,332.800000,0.093715,2.920320
15,327.200000,0.136652,2.156356
18,334.600000,0.050744,2.087401
21,355.000000,0.064590,0.660760
24,30.200000,0.045673,2.596727
